﻿<?xml version="1.0" encoding="utf-8" ?>
<Years>
	<Year>
		<Number>2000</Number>
		<Value>2000</Value>
	</Year>

	<Year>
		<Number>2001</Number>
		<Value>2001</Value>
	</Year>

	<Year>
		<Number>2002</Number>
		<Value>2002</Value>
	</Year>

	<Year>
		<Number>2003</Number>
		<Value>2003</Value>
	</Year>

	<Year>
		<Number>2004</Number>
		<Value>2004</Value>
	</Year>

	<Year>
		<Number>2005</Number>
		<Value>2005</Value>
	</Year>
	
	<Year>
		<Number>2006</Number>
		<Value>2006</Value>
	</Year>
	<Year>
		<Number>2007</Number>
		<Value>2007</Value>
	</Year>
	
	<Year>
		<Number>2008</Number>
		<Value>2008</Value>
	</Year>
	
	<Year>
		<Number>2009</Number>
		<Value>2009</Value>
	</Year>
	
	<Year>
		<Number>2010</Number>
		<Value>2010</Value>
	</Year>
		
		<Year>
			<Number>2011</Number>
			<Value>2011</Value>
		</Year>
		
		<Year>
			<Number>2012</Number>
			<Value>2012</Value>
		</Year>
		
		<Year>
			<Number>2013</Number>
			<Value>2013</Value>
		</Year>
		
		<Year>
			<Number>2014</Number>
			<Value>2014</Value>
		</Year>
		
		<Year>
			<Number>2015</Number>
			<Value>2015</Value>
		</Year>
		
		<Year>
			<Number>2016</Number>
			<Value>2016</Value>
		</Year>
		
		<Year>
			<Number>2017</Number>
			<Value>2017</Value>
		</Year>

		<Year>
			<Number>2018</Number>
			<Value>2018</Value>
		</Year>
		
		<Year>
			<Number>2019</Number>
			<Value>2019</Value>
		</Year>
		
		<Year>
			<Number>2020</Number>
			<Value>2020</Value>
		</Year>
		
		<Year>
			<Number>2021</Number>
			<Value>2021</Value>
		</Year>

	
	
</Years>